,Month,Season,Shore,Pollution Level,Sample number,Organic matter%,Mean Number of Nematode species 1 per gram soil,Mean Number of Turbillaria per gram soil,Mean Number of foraminefera per gram soil,Mean Number of Nematode species 2 per gram soil,Water pH,Soil pH,OC,Water Salinity,Soil Salinity,P,Total dissolved solids ,PP,Conduction,ORP,Specific resistance ,Temp Â©,Conductivity,H,C-A,C-B,C-C
0,8.0,4.0,1.0,0.0,1.0,0.38842957920000004,5.7,0.155555556,0.0,3.2,8.055,8.0,7.3,38.5,11.0,28.39689341,57500.0,196.3,57400.0,-79.9,17.42,30.12,3.0639,0.0968,8.220065128,8.96764273,11.44523248
1,8.0,4.0,1.0,0.0,2.0,0.38842957920000004,3.288888889,0.066666667,0.0,3.2,8.055,8.0,7.3,38.5,11.0,28.39689341,57500.0,196.3,57400.0,-79.9,17.42,30.12,3.0639,0.0968,8.220065128,8.96764273,11.44523248
2,8.0,4.0,1.0,0.0,3.0,0.38842957920000004,8.444444444,0.0,0.0,3.2,8.055,8.0,7.3,38.5,11.0,28.39689341,57500.0,196.3,57400.0,-79.9,17.42,30.12,3.0639,0.0968,8.220065128,8.96764273,11.44523248
3,8.0,4.0,1.0,0.0,4.0,0.33218518639999994,1.866666667,0.0,0.0,3.2,8.055,8.0,7.3,38.5,11.0,28.39689341,57500.0,196.3,57400.0,-79.9,17.42,30.12,3.0639,0.0968,8.220065128,8.96764273,11.44523248
4,8.0,4.0,1.0,0.0,5.0,0.36325357300000005,3.377777778,0.022222222,0.0,3.2,8.055,8.0,7.3,38.5,11.0,28.39689341,57500.0,196.3,57400.0,-79.9,17.42,30.12,3.0639,0.0968,8.220065128,8.96764273,11.44523248
5,8.0,4.0,2.0,2.0,1.0,0.2681912056,0.355555556,0.066666667,23.386987952,3.8978313252,7.801,8.0,7.33,25.4,6.0,26.83663902,37800.0,203.0,39500.0,-64.1,25.7,30.36,2.7494,0.0931,3.4718143679999995,3.2216994249999997,4.276959195
6,8.0,4.0,2.0,2.0,2.0,0.2509137126,4.711111111,0.044444444,24.036626508,4.5474698786,7.801,8.0,7.33,25.4,6.0,26.83663902,37800.0,203.0,39500.0,-64.1,25.7,30.36,2.7494,0.0931,3.4718143679999995,3.2216994249999997,4.276959195
7,8.0,4.0,2.0,2.0,3.0,0.26819120560000004,1.955555556,0.066666667,23.386987952,3.8978313252,7.801,8.0,7.33,25.4,6.0,26.83663902,37800.0,203.0,39500.0,-64.1,25.7,30.36,2.7494,0.0931,3.4718143679999995,3.2216994249999997,4.276959195
8,8.0,4.0,2.0,2.0,4.0,0.271407201,5.777777778,0.311111111,21.43807229,4.5474698793999995,7.801,8.0,7.33,25.4,6.0,26.83663902,37800.0,203.0,39500.0,-64.1,25.7,30.36,2.7494,0.0931,3.4718143679999995,3.2216994249999997,4.276959195
9,8.0,4.0,2.0,2.0,5.0,0.287621899,0.0,0.0,22.737349398,5.1971084335999995,7.801,8.0,7.33,25.4,6.0,26.83663902,37800.0,203.0,39500.0,-64.1,25.7,30.36,2.7494,0.0931,3.4718143679999995,3.2216994249999997,4.276959195
10,8.0,4.0,3.0,1.0,1.0,0.38842957920000004,2.488888889,0.022222222,0.0,3.2,8.188,7.9,8.99,38.6,11.0,28.517437,57500.0,245.0,57500.0,-86.4,17.39,31.18,3.0639,0.0968,8.220065128,8.96764273,11.44523248
11,8.0,4.0,3.0,1.0,2.0,0.38842957920000004,4.355555556,0.133333333,0.0,3.2,8.188,7.9,8.99,38.6,11.0,28.517437,57500.0,245.0,57500.0,-86.4,17.39,31.18,3.0639,0.0968,8.220065128,8.96764273,11.44523248
12,8.0,4.0,3.0,1.0,3.0,0.3884295792,4.177777778,0.177777778,0.0,3.2,8.188,7.9,8.99,38.6,11.0,28.517437,57500.0,245.0,57500.0,-86.4,17.39,31.18,3.0639,0.0968,8.220065128,8.96764273,11.44523248
13,8.0,4.0,3.0,1.0,4.0,0.33218518639999994,1.866666667,0.0,0.0,3.2,8.188,7.9,8.99,38.6,11.0,28.517437,57500.0,245.0,57500.0,-86.4,17.39,31.18,3.0639,0.0968,8.220065128,8.96764273,11.44523248
14,8.0,4.0,3.0,1.0,5.0,0.36325357300000005,1.866666667,0.022222222,0.0,3.2,8.188,7.9,8.99,38.6,11.0,28.517437,57500.0,245.0,57500.0,-86.4,17.39,31.18,3.0639,0.0968,8.220065128,8.96764273,11.44523248
15,9.0,1.0,1.0,0.0,1.0,0.256019033,1.223481189,0.122348119,36.480000000000004,5.76,8.169,7.8,8.54,38.1,5.0,25.742,56900.0,281.0,56900.0,-86.2,17.57,29.88,3.0639,0.0968,1.128944692,0.0,0.249908455
16,9.0,1.0,1.0,0.0,2.0,0.359080341,0.856436832,0.0,36.480000000000004,5.76,8.169,7.8,8.54,38.1,5.0,25.742,56900.0,281.0,56900.0,-86.2,17.57,29.88,3.0639,0.0968,1.128944692,0.0,0.249908455
17,9.0,1.0,1.0,0.0,3.0,0.362562801,2.895392487,0.0,39.04,7.040000000000001,8.169,7.8,8.54,38.1,5.0,25.742,56900.0,281.0,56900.0,-86.2,17.57,29.88,3.0639,0.0968,1.128944692,0.0,0.249908455
18,9.0,1.0,1.0,0.0,4.0,0.483403991,2.235077999,0.117635684,35.839999999999996,5.76,8.169,7.8,8.54,38.1,5.0,25.742,56900.0,281.0,56900.0,-86.2,17.57,29.88,3.0639,0.0968,1.128944692,0.0,0.249908455
19,9.0,1.0,1.0,0.0,5.0,0.354169898,3.878090602,0.117517897,32.64,5.76,8.169,7.8,8.54,38.1,5.0,25.742,56900.0,281.0,56900.0,-86.2,17.57,29.88,3.0639,0.0968,1.128944692,0.0,0.249908455
20,9.0,1.0,1.0,0.0,6.0,0.30848329,2.54283731,0.0,33.92,7.039999999999999,8.169,7.8,8.54,38.1,5.0,25.742,56900.0,281.0,56900.0,-86.2,17.57,29.88,3.0639,0.0968,1.128944692,0.0,0.249908455
21,9.0,1.0,1.0,0.0,7.0,0.532724505,3.83790541,0.12793018,36.48,7.040000000000001,8.169,7.8,8.54,38.1,5.0,25.742,56900.0,281.0,56900.0,-86.2,17.57,29.88,3.0639,0.0968,1.128944692,0.0,0.249908455
22,9.0,1.0,1.0,0.0,8.0,0.267314702,1.409646514,0.0,36.48,7.040000000000001,8.169,7.8,8.54,38.1,5.0,25.742,56900.0,281.0,56900.0,-86.2,17.57,29.88,3.0639,0.0968,1.128944692,0.0,0.249908455
23,9.0,1.0,1.0,0.0,9.0,1.055884625,3.24166516,0.0,37.760000000000005,5.760000000000001,8.169,7.8,8.54,38.1,5.0,25.742,56900.0,281.0,56900.0,-86.2,17.57,29.88,3.0639,0.0968,1.128944692,0.0,0.249908455
24,9.0,1.0,1.0,0.0,10.0,1.86802523,3.208284481,0.0,35.2,3.8400000000000007,8.169,7.8,8.54,38.1,5.0,25.742,56900.0,281.0,56900.0,-86.2,17.57,29.88,3.0639,0.0968,1.128944692,0.0,0.249908455
25,9.0,1.0,2.0,2.0,1.0,0.890407413,1.849235885,0.255067019,36.480000000000004,5.76,8.159,8.0,9.3,38.3,9.0,25.13728017,57100.0,307.0,57000.0,-85.3,17.51,30.29,3.0639,0.0968,1.128944692,0.0,0.249908455
26,9.0,1.0,2.0,2.0,2.0,0.602939654,4.075870996,0.318427422,39.04,7.040000000000001,8.159,8.0,9.3,38.3,9.0,25.13728017,57100.0,307.0,57000.0,-85.3,17.51,30.29,3.0639,0.0968,1.128944692,0.0,0.249908455
27,9.0,1.0,2.0,2.0,3.0,0.504828229,11.91476142,3.11408537,39.04,5.76,8.159,8.0,9.3,38.3,9.0,25.137,57100.0,307.0,57000.0,-85.3,17.51,30.29,3.0639,0.0968,1.128944692,0.0,0.249908455
28,9.0,1.0,2.0,2.0,4.0,0.349559814,2.186203746,0.643001102,35.839999999999996,5.76,8.159,8.0,9.3,38.3,9.0,25.137,57100.0,307.0,57000.0,-85.3,17.51,30.29,3.0639,0.0968,1.128944692,0.0,0.249908455
29,9.0,1.0,2.0,2.0,5.0,0.312976902,0.482066669,0.0,31.360000000000003,5.76,8.159,8.0,9.3,38.3,9.0,25.137,57100.0,307.0,57000.0,-85.3,17.51,30.29,3.0639,0.0968,1.128944692,0.0,0.249908455
30,9.0,1.0,2.0,2.0,6.0,0.308800823,5.373837289,0.238837213,36.48,7.040000000000001,8.159,8.0,9.3,38.3,9.0,25.137,57100.0,307.0,57000.0,-85.3,17.51,30.29,3.0639,0.0968,1.128944692,0.0,0.249908455
31,9.0,1.0,2.0,2.0,7.0,0.223435948,9.446101911,0.13119586,36.480000000000004,3.8400000000000007,8.159,8.0,9.3,38.3,9.0,25.137,57100.0,307.0,57000.0,-85.3,17.51,30.29,3.0639,0.0968,1.128944692,0.0,0.249908455
32,9.0,1.0,2.0,2.0,8.0,0.2814739,2.88587482,0.0,36.48,7.040000000000001,8.159,8.0,9.3,38.3,9.0,25.137,57100.0,307.0,57000.0,-85.3,17.51,30.29,3.0639,0.0968,1.128944692,0.0,0.249908455
33,9.0,1.0,2.0,2.0,9.0,0.283213182,3.151389712,0.0,32.0,5.12,8.159,8.0,9.3,38.3,9.0,25.137,57100.0,307.0,57000.0,-85.3,17.51,30.29,3.0639,0.0968,1.128944692,0.0,0.249908455
34,9.0,1.0,2.0,2.0,10.0,0.283870968,6.807001779,0.126055588,35.2,3.8400000000000007,8.159,8.0,9.3,38.3,9.0,25.137,57100.0,307.0,57000.0,-85.3,17.51,30.29,3.0639,0.0968,1.128944692,0.0,0.249908455
35,9.0,1.0,3.0,1.0,1.0,0.501756147,0.118603549,0.0,0.0,3.2,8.151,7.9,7.62,38.5,10.0,25.267,57400.0,253.0,57300.0,-85.1,17.45,30.46,3.0639,0.0968,8.220065128,8.96764273,11.44523248
36,9.0,1.0,3.0,1.0,2.0,0.25713551,0.948538366,0.0,0.0,3.2,8.151,7.9,7.62,38.5,10.0,25.267,57400.0,253.0,57300.0,-85.1,17.45,30.46,3.0639,0.0968,8.220065128,8.96764273,11.44523248
37,9.0,1.0,3.0,1.0,3.0,0.358239509,0.562734525,0.0,0.0,3.2,8.151,7.9,7.62,38.5,10.0,25.267,57400.0,253.0,57300.0,-85.1,17.45,30.46,3.0639,0.0968,8.220065128,8.96764273,11.44523248
38,9.0,1.0,3.0,1.0,4.0,0.516929439,1.578404508,0.0,0.0,3.2,8.151,7.9,7.62,38.5,10.0,25.267,57400.0,253.0,57300.0,-85.1,17.45,30.46,3.0639,0.0968,8.220065128,8.96764273,11.44523248
39,9.0,1.0,3.0,1.0,6.0,0.308087291,1.360431067,0.113369256,0.0,1.28,8.151,7.9,7.62,38.5,10.0,25.267,57400.0,253.0,57300.0,-85.1,17.45,30.46,3.0639,0.0968,8.220065128,8.96764273,11.44523248
40,9.0,1.0,3.0,1.0,7.0,0.220534183,0.855685444,0.0,0.0,0.64,8.151,7.9,7.62,38.5,10.0,25.267,57400.0,253.0,57300.0,-85.1,17.45,30.46,3.0639,0.0968,8.220065128,8.96764273,11.44523248
41,9.0,1.0,3.0,1.0,8.0,0.412477443,1.389674547,0.231612424,0.0,0.64,8.151,7.9,7.62,38.5,10.0,25.267,57400.0,253.0,57300.0,-85.1,17.45,30.46,3.0639,0.0968,8.220065128,8.96764273,11.44523248
42,9.0,1.0,3.0,1.0,9.0,0.121182744,1.559368474,0.0,0.0,0.64,8.151,7.9,7.62,38.5,10.0,25.267,57400.0,253.0,57300.0,-85.1,17.45,30.46,3.0639,0.0968,8.220065128,8.96764273,11.44523248
43,9.0,1.0,3.0,1.0,10.0,0.323624595,1.626385358,0.0,0.0,1.28,8.151,7.9,7.62,38.5,10.0,25.267,57400.0,253.0,57300.0,-85.1,17.45,30.46,3.0639,0.0968,8.220065128,8.96764273,11.44523248
44,11.0,1.0,1.0,0.0,1.0,0.210245628,2.411245737,0.12690767,0.0,3.2,8.238,8.15,8.43,38.5,7.5,28.79622757,57800.0,257.0,57800.0,-88.4,17.29,23.99,4.2795,0.1552,8.220065128,8.96764273,11.44523248
45,11.0,1.0,1.0,0.0,2.0,0.486652397,2.917129634,0.0,0.0,3.2,8.238,8.15,8.43,38.5,7.5,28.79622757,57800.0,257.0,57800.0,-88.4,17.29,23.99,4.2795,0.1552,8.220065128,8.96764273,11.44523248
46,11.0,1.0,1.0,0.0,3.0,0.305066347,6.193557903,0.0,0.0,3.2,8.238,8.15,8.43,38.5,7.5,28.79622757,57800.0,257.0,57800.0,-88.4,17.29,23.99,4.2795,0.1552,8.220065128,8.96764273,11.44523248
47,11.0,1.0,1.0,0.0,6.0,0.360630154,2.304968735,0.0,0.0,1.28,8.238,8.15,8.43,38.5,7.5,28.79622757,57800.0,257.0,57800.0,-88.4,17.29,23.99,4.2795,0.1552,8.220065128,8.96764273,11.44523248
48,11.0,1.0,1.0,0.0,7.0,0.252725035,2.963273771,0.0,0.0,1.28,8.238,8.15,8.43,38.5,7.5,28.79622757,57800.0,257.0,57800.0,-88.4,17.29,23.99,4.2795,0.1552,8.220065128,8.96764273,11.44523248
49,11.0,1.0,1.0,0.0,8.0,0.367452913,0.795256321,0.0,0.0,0.64,8.238,8.15,8.43,38.5,7.5,28.79622757,57800.0,257.0,57800.0,-88.4,17.29,23.99,4.2795,0.1552,8.220065128,8.96764273,11.44523248
50,11.0,1.0,1.0,0.0,9.0,0.296191508,2.647039706,0.0,0.0,1.28,8.238,8.15,8.43,38.5,7.5,28.79622757,57800.0,257.0,57800.0,-88.4,17.29,23.99,4.2795,0.1552,8.220065128,8.96764273,11.44523248
51,11.0,1.0,1.0,0.0,10.0,0.218667507,4.409285935,0.0,0.0,1.28,8.238,8.15,8.43,38.5,7.5,28.79622757,57800.0,257.0,57800.0,-88.4,17.29,23.99,4.2795,0.1552,8.220065128,8.96764273,11.44523248
52,11.0,1.0,2.0,2.0,1.0,0.360211205,2.307449407,0.0,0.0,3.2,8.234,8.4,8.66,38.1,8.0,25.86642031,57300.0,262.0,57300.0,-88.2,17.44,24.02,3.0639,0.0968,8.220065128,8.96764273,11.44523248
53,11.0,1.0,2.0,2.0,2.0,0.368695739,3.291932798,0.0,0.0,3.2,8.234,8.4,8.66,38.1,8.0,25.86642031,57300.0,262.0,57300.0,-88.2,17.44,24.02,3.0639,0.0968,8.220065128,8.96764273,11.44523248
54,11.0,1.0,2.0,2.0,3.0,0.241835381,5.080407111,0.0,0.0,3.2,8.234,8.4,8.66,38.1,8.0,25.86642031,57300.0,262.0,57300.0,-88.2,17.44,24.02,3.0639,0.0968,8.220065128,8.96764273,11.44523248
55,11.0,1.0,2.0,2.0,4.0,0.293268466,3.270830665,0.0,0.0,3.2,8.234,8.4,8.66,38.1,8.0,25.86642031,57300.0,262.0,57300.0,-88.2,17.44,24.02,3.0639,0.0968,8.220065128,8.96764273,11.44523248
56,11.0,1.0,2.0,2.0,5.0,0.359397581,3.760926385,0.11752895,0.0,3.2,8.234,8.4,8.66,38.1,8.0,25.86642031,57300.0,262.0,57300.0,-88.2,17.44,24.02,3.0639,0.0968,8.220065128,8.96764273,11.44523248
57,11.0,1.0,2.0,2.0,6.0,0.265178996,9.920379411,0.0,0.0,4.4799999999999995,8.234,8.4,8.66,38.1,8.0,25.86642031,57300.0,262.0,57300.0,-88.2,17.44,24.02,3.0639,0.0968,8.220065128,8.96764273,11.44523248
58,11.0,1.0,2.0,2.0,7.0,0.334424696,9.248270581,0.624883147,0.0,2.56,8.234,8.4,8.66,38.1,8.0,25.86642031,57300.0,262.0,57300.0,-88.2,17.44,24.02,3.0639,0.0968,8.220065128,8.96764273,11.44523248
59,11.0,1.0,2.0,2.0,8.0,0.325532515,6.26965477,0.0,0.0,1.28,8.234,8.4,8.66,38.1,8.0,25.86642031,57300.0,262.0,57300.0,-88.2,17.44,24.02,3.0639,0.0968,8.220065128,8.96764273,11.44523248
60,11.0,1.0,2.0,2.0,9.0,0.338304202,7.145368368,0.0,0.0,2.56,8.234,8.4,8.66,38.1,8.0,25.86642031,57300.0,262.0,57300.0,-88.2,17.44,24.02,3.0639,0.0968,8.220065128,8.96764273,11.44523248
61,11.0,1.0,2.0,2.0,10.0,0.541419893,4.904786664,0.092543145,0.0,1.28,8.234,8.4,8.66,38.1,8.0,25.86642031,57300.0,262.0,57300.0,-88.2,17.44,24.02,3.0639,0.0968,8.220065128,8.96764273,11.44523248
62,11.0,1.0,3.0,1.0,1.0,0.2737537082,6.330686106,0.565239831,0.0,3.2,8.179,8.4,7.11,38.7,9.0,26.86679414,58200.0,223.0,58100.0,-87.1,17.17,23.5,1.8398,0.141,8.220065128,8.96764273,11.44523248
63,11.0,1.0,3.0,1.0,2.0,0.300054555,3.955294042,0.219738558,0.0,3.2,8.179,8.4,7.11,38.7,9.0,26.86679414,58200.0,223.0,58100.0,-87.1,17.17,23.5,1.8398,0.141,8.220065128,8.96764273,11.44523248
64,11.0,1.0,3.0,1.0,3.0,0.274223035,6.51023507,0.260409403,0.0,3.2,8.179,8.4,7.11,38.7,9.0,26.86679414,58200.0,223.0,58100.0,-87.1,17.17,23.5,1.8398,0.141,8.220065128,8.96764273,11.44523248
65,11.0,1.0,3.0,1.0,4.0,0.262969664,3.925196291,0.0,0.0,3.2,8.179,8.4,7.11,38.7,9.0,26.86679414,58200.0,223.0,58100.0,-87.1,17.17,23.5,1.8398,0.141,8.220065128,8.96764273,11.44523248
66,11.0,1.0,3.0,1.0,5.0,0.259764574,3.585628355,0.231330862,0.0,3.2,8.179,8.4,7.11,38.7,9.0,26.86679414,58200.0,223.0,58100.0,-87.1,17.17,23.5,1.8398,0.141,8.220065128,8.96764273,11.44523248
67,11.0,1.0,3.0,1.0,6.0,0.271756713,3.180691785,0.0,0.0,1.28,8.179,8.4,7.11,38.7,9.0,26.86679414,58200.0,223.0,58100.0,-87.1,17.17,23.5,1.8398,0.141,8.220065128,8.96764273,11.44523248
68,11.0,1.0,3.0,1.0,7.0,0.284241461,3.219758916,0.34497417,0.0,1.28,8.179,8.4,7.11,38.7,9.0,26.86679414,58200.0,223.0,58100.0,-87.1,17.17,23.5,1.8398,0.141,8.220065128,8.96764273,11.44523248
69,11.0,1.0,3.0,1.0,8.0,0.270557765,9.024354963,0.110053109,0.0,2.56,8.179,8.4,7.11,38.7,9.0,26.86679414,58200.0,223.0,58100.0,-87.1,17.17,23.5,1.8398,0.141,8.220065128,8.96764273,11.44523248
70,11.0,1.0,3.0,1.0,9.0,0.263480671,7.238405382,0.104904426,0.0,2.56,8.179,8.4,7.11,38.7,9.0,26.86679414,58200.0,223.0,58100.0,-87.1,17.17,23.5,1.8398,0.141,8.220065128,8.96764273,11.44523248
71,11.0,1.0,3.0,1.0,10.0,0.2699602368,4.193947396,0.629092109,0.0,1.28,8.179,8.4,7.11,38.7,9.0,26.86679414,58200.0,223.0,58100.0,-87.1,17.17,23.5,1.8398,0.141,8.220065128,8.96764273,11.44523248
72,1.0,2.0,1.0,0.0,1.0,0.728169423,8.807973682,0.142064092,28.8,3.2,8.317,8.2,8.85,38.7,11.5,35.12215148,58800.0,226.0,58800.0,-90.2,16.99,14.7,3.2523,0.2241,0.606514493,0.080964976,0.391628019
73,1.0,2.0,1.0,0.0,2.0,0.570563414,5.596258224,0.39973273,6.4,0.0,8.317,8.2,8.85,38.7,11.5,35.12215148,58800.0,226.0,58800.0,-90.2,16.99,14.7,3.2523,0.2241,0.606514493,0.080964976,0.391628019
74,1.0,2.0,1.0,0.0,3.0,0.705271848,11.47857227,0.0,9.6,3.2,8.317,8.2,8.85,38.7,11.5,35.12215148,58800.0,226.0,58800.0,-90.2,16.99,14.7,3.2523,0.2241,0.606514493,0.080964976,0.391628019
75,1.0,2.0,1.0,0.0,4.0,0.845771144,9.893374374,0.424001759,9.6,12.8,8.317,8.2,8.85,38.7,11.5,35.12215148,58800.0,226.0,58800.0,-90.2,16.99,14.7,3.2523,0.2241,0.606514493,0.080964976,0.391628019
76,1.0,2.0,1.0,0.0,5.0,0.811163814,22.72873767,0.253952376,25.6,19.2,8.317,8.2,8.85,38.7,11.5,35.12215148,58800.0,226.0,58800.0,-90.2,16.99,14.7,3.2523,0.2241,0.606514493,0.080964976,0.391628019
77,1.0,2.0,1.0,0.0,6.0,0.676039357,18.16452932,0.344896126,22.4,6.4,8.317,8.2,8.85,38.7,11.5,35.12215148,58800.0,226.0,58800.0,-90.2,16.99,14.7,3.2523,0.2241,0.606514493,0.080964976,0.391628019
78,1.0,2.0,1.0,0.0,7.0,0.671808474,18.66887711,0.0,9.6,9.6,8.317,8.2,8.85,38.7,11.5,35.12215148,58800.0,226.0,58800.0,-90.2,16.99,14.7,3.2523,0.2241,0.606514493,0.080964976,0.391628019
79,1.0,2.0,1.0,0.0,8.0,0.687752158,5.840342812,0.0,12.8,6.4,8.317,8.2,8.85,38.7,11.5,35.12215148,58800.0,226.0,58800.0,-90.2,16.99,14.7,3.2523,0.2241,0.606514493,0.080964976,0.391628019
80,1.0,2.0,1.0,0.0,9.0,0.440165709,2.667098626,0.197562861,25.6,6.4,8.317,8.2,8.85,38.7,11.5,35.12215148,58800.0,226.0,58800.0,-90.2,16.99,14.7,3.2523,0.2241,0.606514493,0.080964976,0.391628019
81,1.0,2.0,1.0,0.0,10.0,0.464677756,2.520988357,0.0,38.4,3.2,8.317,8.2,8.85,38.7,11.5,35.12215148,58800.0,226.0,58800.0,-90.2,16.99,14.7,3.2523,0.2241,0.606514493,0.080964976,0.391628019
82,1.0,2.0,1.0,0.0,11.0,0.588601561,19.60880186,0.445654588,35.2,0.0,8.317,8.2,8.85,38.7,11.5,35.12215148,58800.0,226.0,58800.0,-90.2,16.99,14.7,3.2523,0.2241,0.606514493,0.080964976,0.391628019
83,1.0,2.0,1.0,0.0,12.0,0.810718853,2.456699193,0.0,44.8,22.4,8.317,8.2,8.85,38.7,11.5,35.12215148,58800.0,226.0,58800.0,-90.2,16.99,14.7,3.2523,0.2241,0.606514493,0.080964976,0.391628019
84,1.0,2.0,1.0,0.0,13.0,0.578929902,18.57170317,0.884366818,22.4,3.2,8.317,8.2,8.85,38.7,11.5,35.12215148,58800.0,226.0,58800.0,-90.2,16.99,14.7,3.2523,0.2241,0.606514493,0.080964976,0.391628019
85,1.0,2.0,1.0,0.0,14.0,0.837016575,24.92455003,0.866940871,32.0,12.8,8.317,8.2,8.85,38.7,11.5,35.12215148,58800.0,226.0,58800.0,-90.2,16.99,14.7,3.2523,0.2241,0.606514493,0.080964976,0.391628019
86,1.0,2.0,2.0,2.0,1.0,0.70408469,0.727537448,0.090942181,48.0,9.6,8.25,8.2,8.69,36.8,12.5,21.0638419,56300.0,232.0,56200.0,-87.2,17.81,16.7,3.055,0.2603,1.128944692,0.0,0.249908455
87,1.0,2.0,2.0,2.0,2.0,0.632845731,0.883957999,0.0,38.4,6.4,8.25,8.2,8.69,36.8,12.5,21.0638419,56300.0,232.0,56200.0,-87.2,17.81,16.7,3.055,0.2603,1.128944692,0.0,0.249908455
88,1.0,2.0,2.0,2.0,3.0,0.745422327,1.19762527,0.0,32.0,3.2,8.25,8.2,8.69,36.8,12.5,21.0638419,56300.0,232.0,56200.0,-87.2,17.81,16.7,3.055,0.2603,1.128944692,0.0,0.249908455
89,1.0,2.0,2.0,2.0,4.0,0.505285254,0.0,0.0,32.0,6.4,8.25,8.2,8.69,36.8,12.5,21.0638419,56300.0,232.0,56200.0,-87.2,17.81,16.7,3.055,0.2603,1.128944692,0.0,0.249908455
90,1.0,2.0,2.0,2.0,5.0,0.618063112,0.0,0.0,32.0,3.2,8.25,8.2,8.69,36.8,12.5,21.0638419,56300.0,232.0,56200.0,-87.2,17.81,16.7,3.055,0.2603,1.128944692,0.0,0.249908455
91,1.0,2.0,2.0,2.0,6.0,0.715166061,1.994670095,0.0,44.8,9.6,8.25,8.2,8.69,36.8,12.5,21.0638419,56300.0,232.0,56200.0,-87.2,17.81,16.7,3.055,0.2603,1.128944692,0.0,0.249908455
92,1.0,2.0,2.0,2.0,7.0,0.495567756,0.642464698,0.091780671,16.0,6.4,8.25,8.2,8.69,36.8,12.5,21.0638419,56300.0,232.0,56200.0,-87.2,17.81,16.7,3.055,0.2603,1.128944692,0.0,0.249908455
93,1.0,2.0,2.0,2.0,8.0,0.451854651,1.465204706,0.0,38.4,6.4,8.25,8.2,8.69,36.8,12.5,21.0638419,56300.0,232.0,56200.0,-87.2,17.81,16.7,3.055,0.2603,1.128944692,0.0,0.249908455
94,1.0,2.0,2.0,2.0,9.0,0.513279337,1.647728727,0.0,38.4,9.6,8.25,8.2,8.69,36.8,12.5,21.0638419,56300.0,232.0,56200.0,-87.2,17.81,16.7,3.055,0.2603,1.128944692,0.0,0.249908455
95,1.0,2.0,2.0,2.0,10.0,0.576595364,2.616980919,0.0,44.8,3.2,8.25,8.2,8.69,36.8,12.5,21.0638419,56300.0,232.0,56200.0,-87.2,17.81,16.7,3.055,0.2603,1.128944692,0.0,0.249908455
96,1.0,2.0,2.0,2.0,11.0,0.748991433,2.578210832,0.0,22.4,0.0,8.25,8.2,8.69,36.8,12.5,21.0638419,56300.0,232.0,56200.0,-87.2,17.81,16.7,3.055,0.2603,1.128944692,0.0,0.249908455
97,1.0,2.0,2.0,2.0,12.0,0.607828835,4.555485304,0.193850438,32.0,0.0,8.25,8.2,8.69,36.8,12.5,21.0638419,56300.0,232.0,56200.0,-87.2,17.81,16.7,3.055,0.2603,1.128944692,0.0,0.249908455
98,1.0,2.0,2.0,2.0,13.0,0.505695925,1.647728727,0.0,73.6,0.0,8.25,8.2,8.69,36.8,12.5,21.0638419,56300.0,232.0,56200.0,-87.2,17.81,16.7,3.055,0.2603,1.128944692,0.0,0.249908455
99,1.0,2.0,2.0,2.0,14.0,0.665059355,1.983239101,0.0,19.2,3.2,8.25,8.2,8.69,36.8,12.5,21.0638419,56300.0,232.0,56200.0,-87.2,17.81,16.7,3.055,0.2603,1.128944692,0.0,0.249908455
100,1.0,2.0,3.0,1.0,1.0,0.440575717,7.142729658,0.113376661,0.0,3.2,8.274,8.1,9.21,38.5,14.0,30.22228574,58800.0,241.0,58700.0,-88.5,16.99,15.3,2.1407,0.1355,0.606514493,0.080964976,0.391628019
101,1.0,2.0,3.0,1.0,2.0,0.495320649,1.46969746,0.367424365,60.8,3.2,8.274,8.1,9.21,38.5,14.0,30.22228574,58800.0,241.0,58700.0,-88.5,16.99,15.3,2.1407,0.1355,0.606514493,0.080964976,0.391628019
102,1.0,2.0,3.0,1.0,3.0,0.433330812,0.331603048,0.110534349,28.8,32.0,8.274,8.1,9.21,38.5,14.0,30.22228574,58800.0,241.0,58700.0,-88.5,16.99,15.3,2.1407,0.1355,0.606514493,0.080964976,0.391628019
103,1.0,2.0,3.0,1.0,4.0,0.433186326,4.574581103,0.106385607,19.2,11.2,8.274,8.1,9.21,38.5,14.0,30.22228574,58800.0,241.0,58700.0,-88.5,16.99,15.3,2.1407,0.1355,0.606514493,0.080964976,0.391628019
104,1.0,2.0,3.0,1.0,5.0,0.483536012,2.848952,0.101748286,28.8,28.8,8.274,8.1,9.21,38.5,14.0,30.22228574,58800.0,241.0,58700.0,-88.5,16.99,15.3,2.1407,0.1355,0.606514493,0.080964976,0.391628019
105,1.0,2.0,3.0,1.0,6.0,0.451465096,1.566388083,0.0,41.6,3.2,8.274,8.1,9.21,38.5,14.0,30.22228574,58800.0,241.0,58700.0,-88.5,16.99,15.3,2.1407,0.1355,0.606514493,0.080964976,0.391628019
106,1.0,2.0,3.0,1.0,7.0,0.477648371,1.562276828,0.0,35.2,16.0,8.274,8.1,9.21,38.5,14.0,30.22228574,58800.0,241.0,58700.0,-88.5,16.99,15.3,2.1407,0.1355,0.606514493,0.080964976,0.391628019
107,1.0,2.0,3.0,1.0,8.0,0.47307668,2.009206655,0.0,28.8,22.4,8.274,8.1,9.21,38.5,14.0,30.22228574,58800.0,241.0,58700.0,-88.5,16.99,15.3,2.1407,0.1355,0.606514493,0.080964976,0.391628019
108,1.0,2.0,3.0,1.0,9.0,0.42813598,1.151715424,0.209402804,48.0,0.0,8.274,8.1,9.21,38.5,14.0,30.22228574,58800.0,241.0,58700.0,-88.5,16.99,15.3,2.1407,0.1355,0.606514493,0.080964976,0.391628019
109,1.0,2.0,3.0,1.0,10.0,0.544617458,3.90650154,0.0,25.6,12.8,8.274,8.1,9.21,38.5,14.0,30.22228574,58800.0,241.0,58700.0,-88.5,16.99,15.3,2.1407,0.1355,0.606514493,0.080964976,0.391628019
110,1.0,2.0,3.0,1.0,11.0,0.429423644,22.36039708,0.0,41.6,6.4,8.274,8.1,9.21,38.5,14.0,30.22228574,58800.0,241.0,58700.0,-88.5,16.99,15.3,2.1407,0.1355,0.606514493,0.080964976,0.391628019
111,1.0,2.0,3.0,1.0,12.0,0.385910948,8.829207494,0.198409157,9.6,12.8,8.274,8.1,9.21,38.5,14.0,30.22228574,58800.0,241.0,58700.0,-88.5,16.99,15.3,2.1407,0.1355,0.606514493,0.080964976,0.391628019
112,1.0,2.0,3.0,1.0,13.0,0.473150493,6.249888451,0.198409157,32.0,3.2,8.274,8.1,9.21,38.5,14.0,30.22228574,58800.0,241.0,58700.0,-88.5,16.99,15.3,2.1407,0.1355,0.606514493,0.080964976,0.391628019
113,1.0,2.0,3.0,1.0,14.0,0.442015115,11.70105286,0.203496571,19.2,16.0,8.274,8.1,9.21,38.5,14.0,30.22228574,58800.0,241.0,58700.0,-88.5,16.99,15.3,2.1407,0.1355,0.606514493,0.080964976,0.391628019
114,3.0,2.0,1.0,0.0,1.0,0.707659941,0.352919787,0.117639929,12.8,0.0,8.028,8.4605,8.85,39.4,10.0,29.39660236,59000.0,226.0,59000.0,-64.0,16.94,20.1,5.2349,0.2514,0.151414724,0.0,0.0
115,3.0,2.0,1.0,0.0,2.0,1.096563011,1.574565205,0.0,28.8,0.0,8.028,8.4605,8.85,39.4,10.0,29.39660236,59000.0,226.0,59000.0,-64.0,16.94,20.1,5.2349,0.2514,0.151414724,0.0,0.0
116,3.0,2.0,1.0,0.0,3.0,0.913646808,1.140064933,0.0,6.4,0.0,8.028,8.4605,8.85,39.4,10.0,29.39660236,59000.0,226.0,59000.0,-64.0,16.94,20.1,5.2349,0.2514,0.151414724,0.0,0.0
117,3.0,2.0,1.0,0.0,4.0,0.678955501,1.501419144,0.0,9.6,3.2,8.028,8.4605,8.85,39.4,10.0,29.39660236,59000.0,226.0,59000.0,-64.0,16.94,20.1,5.2349,0.2514,0.151414724,0.0,0.0
118,3.0,2.0,1.0,0.0,5.0,0.55890109,1.592060374,0.0,9.6,3.2,8.028,8.4605,8.85,39.4,10.0,29.39660236,59000.0,226.0,59000.0,-64.0,16.94,20.1,5.2349,0.2514,0.151414724,0.0,0.0
119,3.0,2.0,1.0,0.0,6.0,0.680312604,2.395903289,0.0,9.6,12.8,8.028,8.4605,8.85,39.4,10.0,29.39660236,59000.0,226.0,59000.0,-64.0,16.94,20.1,5.2349,0.2514,0.151414724,0.0,0.0
120,3.0,2.0,1.0,0.0,7.0,0.417128911,2.107954502,0.0,9.6,12.8,8.028,8.4605,8.85,39.4,10.0,29.39660236,59000.0,226.0,59000.0,-64.0,16.94,20.1,5.2349,0.2514,0.151414724,0.0,0.0
121,3.0,2.0,1.0,0.0,8.0,0.958772771,1.851498784,0.0,6.4,0.0,8.028,8.4605,8.85,39.4,10.0,29.39660236,59000.0,226.0,59000.0,-64.0,16.94,20.1,5.2349,0.2514,0.151414724,0.0,0.0
122,3.0,2.0,1.0,0.0,9.0,1.111923318,0.721386702,0.090173338,9.6,0.0,8.028,8.4605,8.85,39.4,10.0,29.39660236,59000.0,226.0,59000.0,-64.0,16.94,20.1,5.2349,0.2514,0.151414724,0.0,0.0
123,3.0,2.0,1.0,0.0,10.0,0.502485509,1.333842204,0.102603246,3.2,3.2,8.028,8.4605,8.85,39.4,10.0,29.39660236,59000.0,226.0,59000.0,-64.0,16.94,20.1,5.2349,0.2514,0.151414724,0.0,0.0
124,3.0,2.0,1.0,0.0,11.0,0.505050505,3.149130411,0.0,6.4,6.4,8.028,8.4605,8.85,39.4,10.0,29.39660236,59000.0,226.0,59000.0,-64.0,16.94,20.1,5.2349,0.2514,0.151414724,0.0,0.0
125,3.0,2.0,1.0,0.0,12.0,0.625737046,2.558668459,0.0,9.6,0.0,8.028,8.4605,8.85,39.4,10.0,29.39660236,59000.0,226.0,59000.0,-64.0,16.94,20.1,5.2349,0.2514,0.151414724,0.0,0.0
126,3.0,2.0,1.0,0.0,13.0,0.741386021,5.659727466,0.282986373,22.4,3.2,8.028,8.4605,8.85,39.4,10.0,29.39660236,59000.0,226.0,59000.0,-64.0,16.94,20.1,5.2349,0.2514,0.151414724,0.0,0.0
127,3.0,2.0,1.0,0.0,14.0,0.555523069,7.501855167,0.0,12.8,6.4,8.028,8.4605,8.85,39.4,10.0,29.39660236,59000.0,226.0,59000.0,-64.0,16.94,20.1,5.2349,0.2514,0.151414724,0.0,0.0
128,3.0,2.0,2.0,2.0,1.0,0.329829705,10.70204806,0.569257876,3.2,9.6,8.095,8.277,7.29,34.2,9.5,27.0299575,52300.0,208.0,52400.0,-67.0,19.1,20.2,2.8813,0.066,0.142662428,0.0,0.0
129,3.0,2.0,2.0,2.0,2.0,0.286839419,6.726207624,0.441062795,3.2,0.0,8.095,8.277,7.29,34.2,9.5,27.0299575,52300.0,208.0,52400.0,-67.0,19.1,20.2,2.8813,0.066,0.142662428,0.0,0.0
130,3.0,2.0,2.0,2.0,3.0,0.252404276,4.765453095,0.376219981,3.2,6.4,8.095,8.277,7.29,34.2,9.5,27.0299575,52300.0,208.0,52400.0,-67.0,19.1,20.2,2.8813,0.066,0.142662428,0.0,0.0
131,3.0,2.0,2.0,2.0,4.0,0.249574502,4.679732086,0.212715095,0.0,0.0,8.095,8.277,7.29,34.2,9.5,27.0299575,52300.0,208.0,52400.0,-67.0,19.1,20.2,2.8813,0.066,0.142662428,0.0,0.0
132,3.0,2.0,2.0,2.0,5.0,0.319648709,7.211737241,0.0,3.2,0.0,8.095,8.277,7.29,34.2,9.5,27.0299575,52300.0,208.0,52400.0,-67.0,19.1,20.2,2.8813,0.066,0.142662428,0.0,0.0
133,3.0,2.0,2.0,2.0,6.0,0.343956665,4.96907036,0.903467338,3.2,3.2,8.095,8.277,7.29,34.2,9.5,27.0299575,52300.0,208.0,52400.0,-67.0,19.1,20.2,2.8813,0.066,0.142662428,0.0,0.0
134,3.0,2.0,2.0,2.0,7.0,0.31759643,10.3998391,0.720780928,0.0,0.0,8.095,8.277,7.29,34.2,9.5,27.0299575,52300.0,208.0,52400.0,-67.0,19.1,20.2,2.8813,0.066,0.142662428,0.0,0.0
135,3.0,2.0,2.0,2.0,8.0,0.304705524,2.347686451,0.370687334,0.0,0.0,8.095,8.277,7.29,34.2,9.5,27.0299575,52300.0,208.0,52400.0,-67.0,19.1,20.2,2.8813,0.066,0.142662428,0.0,0.0
136,3.0,2.0,2.0,2.0,9.0,0.352932872,5.723600985,0.343416059,0.0,6.4,8.095,8.277,7.29,34.2,9.5,27.0299575,52300.0,208.0,52400.0,-67.0,19.1,20.2,2.8813,0.066,0.142662428,0.0,0.0
137,3.0,2.0,2.0,2.0,10.0,0.318846081,11.60836652,0.331667615,0.0,0.0,8.095,8.277,7.29,34.2,9.5,27.0299575,52300.0,208.0,52400.0,-67.0,19.1,20.2,2.8813,0.066,0.142662428,0.0,0.0
138,3.0,2.0,2.0,2.0,11.0,0.267074879,4.532790738,0.0,0.0,3.2,8.095,8.277,7.29,34.2,9.5,27.0299575,52300.0,208.0,52400.0,-67.0,19.1,20.2,2.8813,0.066,0.142662428,0.0,0.0
139,3.0,2.0,2.0,2.0,12.0,0.391227958,14.5238828,0.960256714,0.0,3.2,8.095,8.277,7.29,34.2,9.5,27.0299575,52300.0,208.0,52400.0,-67.0,19.1,20.2,2.8813,0.066,0.142662428,0.0,0.0
140,3.0,2.0,2.0,2.0,13.0,0.331548614,15.84423578,0.960256714,0.0,0.0,8.095,8.277,7.29,34.2,9.5,27.0299575,52300.0,208.0,52400.0,-67.0,19.1,20.2,2.8813,0.066,0.142662428,0.0,0.0
141,3.0,2.0,2.0,2.0,14.0,0.410200314,11.55308859,1.050280781,0.0,0.0,8.095,8.277,7.29,34.2,9.5,27.0299575,52300.0,208.0,52400.0,-67.0,19.1,20.2,2.8813,0.066,0.142662428,0.0,0.0
142,3.0,2.0,3.0,1.0,1.0,0.314739537,8.468580618,0.464031815,0.0,9.6,8.179,8.1575,7.27,38.5,9.0,33.49866778,58200.0,207.0,58200.0,-71.8,17.19,20.0,2.297,0.1149,8.220065128,8.96764273,11.44523248
143,3.0,2.0,3.0,1.0,2.0,0.314160774,14.54610841,0.357691191,3.2,0.0,8.179,8.1575,7.27,38.5,9.0,33.49866778,58200.0,207.0,58200.0,-71.8,17.19,20.0,2.297,0.1149,8.220065128,8.96764273,11.44523248
144,3.0,2.0,3.0,1.0,3.0,0.293686951,15.02303,0.596151984,0.0,3.2,8.179,8.1575,7.27,38.5,9.0,33.49866778,58200.0,207.0,58200.0,-71.8,17.19,20.0,2.297,0.1149,8.220065128,8.96764273,11.44523248
145,3.0,2.0,3.0,1.0,4.0,0.270839881,4.62247077,0.220117656,0.0,0.0,8.179,8.1575,7.27,38.5,9.0,33.49866778,58200.0,207.0,58200.0,-71.8,17.19,20.0,2.297,0.1149,8.220065128,8.96764273,11.44523248
146,3.0,2.0,3.0,1.0,5.0,0.261079238,3.904304069,0.122009502,0.0,0.0,8.179,8.1575,7.27,38.5,9.0,33.49866778,58200.0,207.0,58200.0,-71.8,17.19,20.0,2.297,0.1149,8.220065128,8.96764273,11.44523248
147,3.0,2.0,3.0,1.0,6.0,0.33728666,17.43003481,0.237143331,0.0,16.0,8.179,8.1575,7.27,38.5,9.0,33.49866778,58200.0,207.0,58200.0,-71.8,17.19,20.0,2.297,0.1149,8.220065128,8.96764273,11.44523248
148,3.0,2.0,3.0,1.0,7.0,0.275811424,5.641301062,0.245273959,0.0,3.2,8.179,8.1575,7.27,38.5,9.0,33.49866778,58200.0,207.0,58200.0,-71.8,17.19,20.0,2.297,0.1149,8.220065128,8.96764273,11.44523248
149,3.0,2.0,3.0,1.0,8.0,0.25350291,23.20159074,0.696047722,0.0,0.0,8.179,8.1575,7.27,38.5,9.0,33.49866778,58200.0,207.0,58200.0,-71.8,17.19,20.0,2.297,0.1149,8.220065128,8.96764273,11.44523248
150,3.0,2.0,3.0,1.0,9.0,0.297948616,7.897821486,0.343383543,0.0,3.2,8.179,8.1575,7.27,38.5,9.0,33.49866778,58200.0,207.0,58200.0,-71.8,17.19,20.0,2.297,0.1149,8.220065128,8.96764273,11.44523248
151,3.0,2.0,3.0,1.0,10.0,0.310270856,10.78873969,0.232015907,0.0,6.4,8.179,8.1575,7.27,38.5,9.0,33.49866778,58200.0,207.0,58200.0,-71.8,17.19,20.0,2.297,0.1149,8.220065128,8.96764273,11.44523248
152,3.0,2.0,3.0,1.0,11.0,0.295886848,16.09610357,0.0,0.0,22.4,8.179,8.1575,7.27,38.5,9.0,33.49866778,58200.0,207.0,58200.0,-71.8,17.19,20.0,2.297,0.1149,8.220065128,8.96764273,11.44523248
153,3.0,2.0,3.0,1.0,12.0,0.289930264,5.150753143,0.245273959,0.0,0.0,8.179,8.1575,7.27,38.5,9.0,33.49866778,58200.0,207.0,58200.0,-71.8,17.19,20.0,2.297,0.1149,8.220065128,8.96764273,11.44523248
154,3.0,2.0,3.0,1.0,13.0,0.30088184,16.94326692,0.338865338,0.0,3.2,8.179,8.1575,7.27,38.5,9.0,33.49866778,58200.0,207.0,58200.0,-71.8,17.19,20.0,2.297,0.1149,8.220065128,8.96764273,11.44523248
155,3.0,2.0,3.0,1.0,14.0,0.30173618,2.452739592,0.0,0.0,0.0,8.179,8.1575,7.27,38.5,9.0,33.49866778,58200.0,207.0,58200.0,-71.8,17.19,20.0,2.297,0.1149,8.220065128,8.96764273,11.44523248
156,5.0,3.0,1.0,0.0,1.0,0.690426997,4.41136607,0.424169814,26.33846154,3.292307692,8.242,8.428,8.39,39.0,13.0,31.73084688,58300.0,260.0,58400.0,-76.8,17.14,25.55,3.8473,0.2061,8.220065128,8.96764273,11.44523248
157,5.0,3.0,1.0,0.0,2.0,1.065298695,1.904346787,0.200457557,23.04615385,3.292307692,8.242,8.428,8.39,39.0,13.0,31.73084688,58300.0,260.0,58400.0,-76.8,17.14,25.55,3.8473,0.2061,8.220065128,8.96764273,11.44523248
158,5.0,3.0,1.0,0.0,3.0,0.832390685,3.579058056,0.0,26.33846154,3.292307692,8.242,8.428,8.39,39.0,13.0,31.73084688,58300.0,260.0,58400.0,-76.8,17.14,25.55,3.8473,0.2061,8.220065128,8.96764273,11.44523248
159,5.0,3.0,1.0,0.0,4.0,0.735261706,3.01625077,0.241300062,32.92307692,3.292307692,8.242,8.428,8.39,39.0,13.0,31.73084688,58300.0,260.0,58400.0,-76.8,17.14,25.55,3.8473,0.2061,8.220065128,8.96764273,11.44523248
160,5.0,3.0,1.0,0.0,5.0,0.677434046,2.572226633,0.102889065,16.46153846,3.292307692,8.242,8.428,8.39,39.0,13.0,31.73084688,58300.0,260.0,58400.0,-76.8,17.14,25.55,3.8473,0.2061,8.220065128,8.96764273,11.44523248
161,5.0,3.0,1.0,0.0,6.0,0.413801714,2.099777345,0.599936384,26.33846154,9.876923077,8.242,8.428,8.39,39.0,13.0,31.73084688,58300.0,260.0,58400.0,-76.8,17.14,25.55,3.8473,0.2061,8.220065128,8.96764273,11.44523248
162,5.0,3.0,1.0,0.0,7.0,0.599182932,2.980781767,0.096154251,13.16923077,3.292307692,8.242,8.428,8.39,39.0,13.0,31.73084688,58300.0,260.0,58400.0,-76.8,17.14,25.55,3.8473,0.2061,8.220065128,8.96764273,11.44523248
163,5.0,3.0,1.0,0.0,8.0,1.017950963,2.302605838,0.209327803,13.16923077,0.0,8.242,8.428,8.39,39.0,13.0,31.73084688,58300.0,260.0,58400.0,-76.8,17.14,25.55,3.8473,0.2061,8.220065128,8.96764273,11.44523248
164,5.0,3.0,1.0,0.0,9.0,0.949860149,2.14695183,0.322042775,9.876923077,3.292307692,8.242,8.428,8.39,39.0,13.0,31.73084688,58300.0,260.0,58400.0,-76.8,17.14,25.55,3.8473,0.2061,8.220065128,8.96764273,11.44523248
165,5.0,3.0,1.0,0.0,10.0,0.80350383,0.661035169,0.0,19.75384615,0.0,8.242,8.428,8.39,39.0,13.0,31.73084688,58300.0,260.0,58400.0,-76.8,17.14,25.55,3.8473,0.2061,8.220065128,8.96764273,11.44523248
166,5.0,3.0,1.0,0.0,11.0,0.766187684,0.991552753,0.0,16.46153846,3.292307692,8.242,8.428,8.39,39.0,13.0,31.73084688,58300.0,260.0,58400.0,-76.8,17.14,25.55,3.8473,0.2061,8.220065128,8.96764273,11.44523248
167,5.0,3.0,1.0,0.0,12.0,0.779001648,1.279225465,0.232586448,9.876923077,0.0,8.242,8.428,8.39,39.0,13.0,31.73084688,58300.0,260.0,58400.0,-76.8,17.14,25.55,3.8473,0.2061,8.220065128,8.96764273,11.44523248
168,5.0,3.0,1.0,0.0,13.0,0.698277524,1.869980377,0.219997691,13.16923077,3.292307692,8.242,8.428,8.39,39.0,13.0,31.73084688,58300.0,260.0,58400.0,-76.8,17.14,25.55,3.8473,0.2061,8.220065128,8.96764273,11.44523248
169,5.0,3.0,1.0,0.0,14.0,0.53273802,3.22569111,0.097748215,19.75384615,3.292307692,8.242,8.428,8.39,39.0,13.0,31.73084688,58300.0,260.0,58400.0,-76.8,17.14,25.55,3.8473,0.2061,8.220065128,8.96764273,11.44523248
170,5.0,3.0,2.0,2.0,1.0,0.232270818,1.963166467,0.0,32.48192771,3.248192771,8.034,8.337,6.92,29.1,11.0,28.47906675,44700.0,217.0,44700.0,-61.4,22.3,26.21,2.7494,0.0931,3.471814368,3.221699425,4.276959195
171,5.0,3.0,2.0,2.0,2.0,0.208391706,10.6412546,0.100389194,16.24096386,12.99277108,8.034,8.337,6.92,29.1,11.0,28.47906675,44700.0,217.0,44700.0,-61.4,22.3,26.21,2.7494,0.0931,3.471814368,3.221699425,4.276959195
172,5.0,3.0,2.0,2.0,3.0,0.307976594,7.93074635,0.301167583,29.23373494,0.0,8.034,8.337,6.92,29.1,11.0,28.47906675,44700.0,217.0,44700.0,-61.4,22.3,26.21,2.7494,0.0931,3.471814368,3.221699425,4.276959195
173,5.0,3.0,2.0,2.0,4.0,0.282004481,10.74164379,0.200778389,22.7373494,38.97831325,8.034,8.337,6.92,29.1,11.0,28.47906675,44700.0,217.0,44700.0,-61.4,22.3,26.21,2.7494,0.0931,3.471814368,3.221699425,4.276959195
174,5.0,3.0,2.0,2.0,5.0,0.227252631,8.413570571,0.0,16.24096386,3.248192771,8.034,8.337,6.92,29.1,11.0,28.47906675,44700.0,217.0,44700.0,-61.4,22.3,26.21,2.7494,0.0931,3.471814368,3.221699425,4.276959195
175,5.0,3.0,2.0,2.0,6.0,0.278676814,6.224130047,0.0,25.98554217,3.248192771,8.034,8.337,6.92,29.1,11.0,28.47906675,44700.0,217.0,44700.0,-61.4,22.3,26.21,2.7494,0.0931,3.471814368,3.221699425,4.276959195
176,5.0,3.0,2.0,2.0,7.0,0.248350795,9.338529703,0.0,22.7373494,6.496385542,8.034,8.337,6.92,29.1,11.0,28.47906675,44700.0,217.0,44700.0,-61.4,22.3,26.21,2.7494,0.0931,3.471814368,3.221699425,4.276959195
177,5.0,3.0,2.0,2.0,8.0,0.294779171,3.90859568,0.0,12.99277108,9.744578313,8.034,8.337,6.92,29.1,11.0,28.47906675,44700.0,217.0,44700.0,-61.4,22.3,26.21,2.7494,0.0931,3.471814368,3.221699425,4.276959195
178,5.0,3.0,2.0,2.0,9.0,0.298270846,5.875899833,0.0,22.7373494,0.0,8.034,8.337,6.92,29.1,11.0,28.47906675,44700.0,217.0,44700.0,-61.4,22.3,26.21,2.7494,0.0931,3.471814368,3.221699425,4.276959195
179,5.0,3.0,2.0,2.0,10.0,0.334111846,4.0746502,0.20373251,19.48915663,9.744578313,8.034,8.337,6.92,29.1,11.0,28.47906675,44700.0,217.0,44700.0,-61.4,22.3,26.21,2.7494,0.0931,3.471814368,3.221699425,4.276959195
180,5.0,3.0,2.0,2.0,11.0,0.27203482,8.496190164,0.0,19.48915663,3.248192771,8.034,8.337,6.92,29.1,11.0,28.47906675,44700.0,217.0,44700.0,-61.4,22.3,26.21,2.7494,0.0931,3.471814368,3.221699425,4.276959195
181,5.0,3.0,2.0,2.0,12.0,0.259982254,8.24090401,0.107024727,12.99277108,9.744578313,8.034,8.337,6.92,29.1,11.0,28.47906675,44700.0,217.0,44700.0,-61.4,22.3,26.21,2.7494,0.0931,3.471814368,3.221699425,4.276959195
182,5.0,3.0,2.0,2.0,13.0,0.303589744,3.66718518,0.0,6.496385542,9.744578313,8.034,8.337,6.92,29.1,11.0,28.47906675,44700.0,217.0,44700.0,-61.4,22.3,26.21,2.7494,0.0931,3.471814368,3.221699425,4.276959195
183,5.0,3.0,2.0,2.0,14.0,0.312051806,8.361299686,0.0,9.744578313,6.496385542,8.034,8.337,6.92,29.1,11.0,28.47906675,44700.0,217.0,44700.0,-61.4,22.3,26.21,2.7494,0.0931,3.471814368,3.221699425,4.276959195
184,5.0,3.0,3.0,1.0,1.0,0.289545313,18.02033287,0.0,9.558333333,12.74444444,8.246,8.412,8.52,39.2,5.0,31.1723286,58400.0,268.0,58500.0,-77.3,17.05,26.52,1.9746,0.0582,2.909986566,2.546074158,3.472716259
185,5.0,3.0,3.0,1.0,2.0,0.262431526,17.08141596,0.122010114,19.11666667,3.186111111,8.246,8.412,8.52,39.2,5.0,31.1723286,58400.0,268.0,58500.0,-77.3,17.05,26.52,1.9746,0.0582,2.909986566,2.546074158,3.472716259
186,5.0,3.0,3.0,1.0,3.0,0.251610401,15.3540772,0.224147112,15.93055556,31.86111111,8.246,8.412,8.52,39.2,5.0,31.1723286,58400.0,268.0,58500.0,-77.3,17.05,26.52,1.9746,0.0582,2.909986566,2.546074158,3.472716259
187,5.0,3.0,3.0,1.0,4.0,0.222414084,22.96172179,0.229617218,6.372222222,12.74444444,8.246,8.412,8.52,39.2,5.0,31.1723286,58400.0,268.0,58500.0,-77.3,17.05,26.52,1.9746,0.0582,2.909986566,2.546074158,3.472716259
188,5.0,3.0,3.0,1.0,5.0,0.216802664,24.65481645,0.123274082,3.186111111,22.30277778,8.246,8.412,8.52,39.2,5.0,31.1723286,58400.0,268.0,58500.0,-77.3,17.05,26.52,1.9746,0.0582,2.909986566,2.546074158,3.472716259
189,5.0,3.0,3.0,1.0,6.0,0.206783552,7.170721248,0.0,3.186111111,9.558333333,8.246,8.412,8.52,39.2,5.0,31.1723286,58400.0,268.0,58500.0,-77.3,17.05,26.52,1.9746,0.0582,2.909986566,2.546074158,3.472716259
190,5.0,3.0,3.0,1.0,7.0,0.319825738,25.05173609,0.0,19.11666667,9.558333333,8.246,8.412,8.52,39.2,5.0,31.1723286,58400.0,268.0,58500.0,-77.3,17.05,26.52,1.9746,0.0582,2.909986566,2.546074158,3.472716259
191,5.0,3.0,3.0,1.0,8.0,0.360258607,17.78266819,0.119346766,25.48888889,25.48888889,8.246,8.412,8.52,39.2,5.0,31.1723286,58400.0,268.0,58500.0,-77.3,17.05,26.52,1.9746,0.0582,2.909986566,2.546074158,3.472716259
192,5.0,3.0,3.0,1.0,9.0,0.32807309,4.548525794,0.116628867,6.372222222,9.558333333,8.246,8.412,8.52,39.2,5.0,31.1723286,58400.0,268.0,58500.0,-77.3,17.05,26.52,1.9746,0.0582,2.909986566,2.546074158,3.472716259
193,5.0,3.0,3.0,1.0,10.0,0.295285612,14.4414871,0.223899025,12.74444444,28.675,8.246,8.412,8.52,39.2,5.0,31.1723286,58400.0,268.0,58500.0,-77.3,17.05,26.52,1.9746,0.0582,2.909986566,2.546074158,3.472716259
194,5.0,3.0,3.0,1.0,11.0,0.309532133,12.89560334,0.224271362,6.372222222,22.30277778,8.246,8.412,8.52,39.2,5.0,31.1723286,58400.0,268.0,58500.0,-77.3,17.05,26.52,1.9746,0.0582,2.909986566,2.546074158,3.472716259
195,5.0,3.0,3.0,1.0,12.0,0.355233445,22.56472604,0.676941781,3.186111111,19.11666667,8.246,8.412,8.52,39.2,5.0,31.1723286,58400.0,268.0,58500.0,-77.3,17.05,26.52,1.9746,0.0582,2.909986566,2.546074158,3.472716259
196,5.0,3.0,3.0,1.0,13.0,0.285672617,13.60713693,0.453571231,9.558333333,25.48888889,8.246,8.412,8.52,39.2,5.0,31.1723286,58400.0,268.0,58500.0,-77.3,17.05,26.52,1.9746,0.0582,2.909986566,2.546074158,3.472716259
197,5.0,3.0,3.0,1.0,14.0,0.297656197,16.38684441,0.11301272,6.372222222,31.86111111,8.246,8.412,8.52,39.2,5.0,31.1723286,58400.0,268.0,58500.0,-77.3,17.05,26.52,1.9746,0.0582,2.909986566,2.546074158,3.472716259
198,8.0,4.0,1.0,0.0,1.0,1.003432796,2.763706609,0.212592816,5.563133205,0.695391651,8.311,8.599,6.54,39.4,11.0,29.84729025,58600.0,218.0,58600.0,-82.0,17.07,29.85416667,4.0649,0.2045,12.95009836,16.18411326,20.29643517
199,8.0,4.0,1.0,0.0,2.0,0.631343701,0.704638889,0.100662698,11.12626641,0.0,8.311,8.599,6.54,39.4,11.0,29.84729025,58600.0,218.0,58600.0,-82.0,17.07,29.85416667,4.0649,0.2045,12.95009836,16.18411326,20.29643517
200,8.0,4.0,1.0,0.0,3.0,0.402358378,0.905964286,0.0,7.649308156,0.695391651,8.311,8.599,6.54,39.4,11.0,29.84729025,58600.0,218.0,58600.0,-82.0,17.07,29.85416667,4.0649,0.2045,12.95009836,16.18411326,20.29643517
201,8.0,4.0,1.0,0.0,4.0,0.44330855,1.408573491,0.100612392,11.12626641,0.0,8.311,8.599,6.54,39.4,11.0,29.84729025,58600.0,218.0,58600.0,-82.0,17.07,29.85416667,4.0649,0.2045,12.95009836,16.18411326,20.29643517
202,8.0,4.0,1.0,0.0,5.0,0.37826147,1.904971384,0.0,4.172349903,0.0,8.311,8.599,6.54,39.4,11.0,29.84729025,58600.0,218.0,58600.0,-82.0,17.07,29.85416667,4.0649,0.2045,12.95009836,16.18411326,20.29643517
203,8.0,4.0,1.0,0.0,6.0,0.367606104,3.193337224,0.290303384,13.90783301,2.781566602,8.311,8.599,6.54,39.4,11.0,29.84729025,58600.0,218.0,58600.0,-82.0,17.07,29.85416667,4.0649,0.2045,12.95009836,16.18411326,20.29643517
204,8.0,4.0,1.0,0.0,7.0,0.502499547,2.326876446,0.0,20.16635787,0.0,8.311,8.599,6.54,39.4,11.0,29.84729025,58600.0,218.0,58600.0,-82.0,17.07,29.85416667,4.0649,0.2045,12.95009836,16.18411326,20.29643517
205,8.0,4.0,2.0,2.0,1.0,0.401762801,7.152881471,0.091703609,2.162404362,7.928815995,8.23,8.46,6.58,37.3,10.0,27.86748768,54800.0,218.0,56000.0,-75.1,18.35,30.52,2.3978,0.078,9.229429712,10.95903759,13.71862075
206,8.0,4.0,2.0,2.0,2.0,0.416988561,7.197617413,0.0,0.720801454,5.766411633,8.23,8.46,6.58,37.3,10.0,27.86748768,54800.0,218.0,56000.0,-75.1,18.35,30.52,2.3978,0.078,9.229429712,10.95903759,13.71862075
207,8.0,4.0,2.0,2.0,3.0,0.306931147,8.1129649,0.0,2.883205816,3.604007271,8.23,8.46,6.58,37.3,10.0,27.86748768,54800.0,218.0,56000.0,-75.1,18.35,30.52,2.3978,0.078,9.229429712,10.95903759,13.71862075
208,8.0,4.0,2.0,2.0,4.0,0.403364821,8.088522667,0.0,5.766411633,0.720801454,8.23,8.46,6.58,37.3,10.0,27.86748768,54800.0,218.0,56000.0,-75.1,18.35,30.52,2.3978,0.078,9.229429712,10.95903759,13.71862075
209,8.0,4.0,2.0,2.0,5.0,0.386046185,19.39252348,0.0,2.162404362,0.720801454,8.23,8.46,6.58,37.3,10.0,27.86748768,54800.0,218.0,56000.0,-75.1,18.35,30.52,2.3978,0.078,9.229429712,10.95903759,13.71862075
210,8.0,4.0,2.0,2.0,6.0,0.288953987,11.07204324,0.049209081,3.604007271,4.324808725,8.23,8.46,6.58,37.3,10.0,27.86748768,54800.0,218.0,56000.0,-75.1,18.35,30.52,2.3978,0.078,9.229429712,10.95903759,13.71862075
211,8.0,4.0,2.0,2.0,7.0,0.472180063,11.59494685,0.051533097,4.324808725,3.604007271,8.23,8.46,6.58,37.3,10.0,27.86748768,54800.0,218.0,56000.0,-75.1,18.35,30.52,2.3978,0.078,9.229429712,10.95903759,13.71862075
212,8.0,4.0,3.0,1.0,1.0,0.282755494,9.226465894,0.304169205,2.047667415,27.3022322,8.34,8.376,6.45,39.6,11.5,25.98189922,58800.0,214.0,58800.0,-84.0,17.0,30.24705882,2.2878,0.1002,10.38533008,13.09446904,16.26511945
213,8.0,4.0,3.0,1.0,2.0,0.418310703,22.92120276,0.410222868,0.682555805,2.047667415,8.34,8.376,6.45,39.6,11.5,25.98189922,58800.0,214.0,58800.0,-84.0,17.0,30.24705882,2.2878,0.1002,10.38533008,13.09446904,16.26511945
214,8.0,4.0,3.0,1.0,3.0,0.441742598,23.74638981,0.424991316,2.047667415,0.682555805,8.34,8.376,6.45,39.6,11.5,25.98189922,58800.0,214.0,58800.0,-84.0,17.0,30.24705882,2.2878,0.1002,10.38533008,13.09446904,16.26511945
215,8.0,4.0,3.0,1.0,4.0,0.411651114,12.39994181,0.307436574,0.682555805,13.6511161,8.34,8.376,6.45,39.6,11.5,25.98189922,58800.0,214.0,58800.0,-84.0,17.0,30.24705882,2.2878,0.1002,10.38533008,13.09446904,16.26511945
216,8.0,4.0,3.0,1.0,5.0,0.414800751,7.520222991,0.423674535,0.0,6.143002244,8.34,8.376,6.45,39.6,11.5,25.98189922,58800.0,214.0,58800.0,-84.0,17.0,30.24705882,2.2878,0.1002,10.38533008,13.09446904,16.26511945
217,8.0,4.0,3.0,1.0,6.0,0.386703966,23.72657783,0.644160484,0.682555805,6.143002244,8.34,8.376,6.45,39.6,11.5,25.98189922,58800.0,214.0,58800.0,-84.0,17.0,30.24705882,2.2878,0.1002,10.38533008,13.09446904,16.26511945
218,8.0,4.0,3.0,1.0,7.0,0.366160876,10.02581348,0.208871114,0.682555805,7.508113854,8.34,8.376,6.45,39.6,11.5,25.98189922,58800.0,214.0,58800.0,-84.0,17.0,30.24705882,2.2878,0.1002,10.38533008,13.09446904,16.26511945
